
        <annotation>
            <folder>/content/drive/My Drive/Smoke_Masks2</folder>
            <filename>fire1081.jpg</filename>
            <path>/content/drive/My Drive/Smoke_Masks2/fire1081.jpg</path>
            <source>
                <database>Unknown</database>
            </source>
            <size>
                <width>212</width>
                <height>222</height>
                <depth>3</depth>
            </size>
            <segmented>0</segmented>
                <object>
                    <name>Fire-Smoke</name>
                    <pose>Unspecified</pose>
                    <truncated>0</truncated>
                    <difficult>0</difficult>
                    <bndbox>
                        <xmin>9</xmin>
                        <ymin>165</ymin>
                        <xmax>75</xmax>
                        <ymax>200</ymax>
                    </bndbox>
                </object>
                <object>
                    <name>Fire-Smoke</name>
                    <pose>Unspecified</pose>
                    <truncated>0</truncated>
                    <difficult>0</difficult>
                    <bndbox>
                        <xmin>82</xmin>
                        <ymin>173</ymin>
                        <xmax>131</xmax>
                        <ymax>201</ymax>
                    </bndbox>
                </object>
                <object>
                    <name>Fire-Smoke</name>
                    <pose>Unspecified</pose>
                    <truncated>0</truncated>
                    <difficult>0</difficult>
                    <bndbox>
                        <xmin>104</xmin>
                        <ymin>144</ymin>
                        <xmax>126</xmax>
                        <ymax>168</ymax>
                    </bndbox>
                </object>
                <object>
                    <name>Fire-Smoke</name>
                    <pose>Unspecified</pose>
                    <truncated>0</truncated>
                    <difficult>0</difficult>
                    <bndbox>
                        <xmin>86</xmin>
                        <ymin>105</ymin>
                        <xmax>111</xmax>
                        <ymax>128</ymax>
                    </bndbox>
                </object>
                <object>
                    <name>Fire-Smoke</name>
                    <pose>Unspecified</pose>
                    <truncated>0</truncated>
                    <difficult>0</difficult>
                    <bndbox>
                        <xmin>0</xmin>
                        <ymin>89</ymin>
                        <xmax>50</xmax>
                        <ymax>114</ymax>
                    </bndbox>
                </object>
                <object>
                    <name>Fire-Smoke</name>
                    <pose>Unspecified</pose>
                    <truncated>0</truncated>
                    <difficult>0</difficult>
                    <bndbox>
                        <xmin>2</xmin>
                        <ymin>42</ymin>
                        <xmax>42</xmax>
                        <ymax>67</ymax>
                    </bndbox>
                </object>
        </annotation>
        