
        <annotation>
            <folder>/content/drive/My Drive/Smoke_Masks2</folder>
            <filename>fire1281.jpg</filename>
            <path>/content/drive/My Drive/Smoke_Masks2/fire1281.jpg</path>
            <source>
                <database>Unknown</database>
            </source>
            <size>
                <width>212</width>
                <height>222</height>
                <depth>3</depth>
            </size>
            <segmented>0</segmented>
                <object>
                    <name>Fire-Smoke</name>
                    <pose>Unspecified</pose>
                    <truncated>0</truncated>
                    <difficult>0</difficult>
                    <bndbox>
                        <xmin>90</xmin>
                        <ymin>133</ymin>
                        <xmax>115</xmax>
                        <ymax>146</ymax>
                    </bndbox>
                </object>
                <object>
                    <name>Fire-Smoke</name>
                    <pose>Unspecified</pose>
                    <truncated>0</truncated>
                    <difficult>0</difficult>
                    <bndbox>
                        <xmin>72</xmin>
                        <ymin>109</ymin>
                        <xmax>100</xmax>
                        <ymax>124</ymax>
                    </bndbox>
                </object>
                <object>
                    <name>Fire-Smoke</name>
                    <pose>Unspecified</pose>
                    <truncated>0</truncated>
                    <difficult>0</difficult>
                    <bndbox>
                        <xmin>2</xmin>
                        <ymin>100</ymin>
                        <xmax>35</xmax>
                        <ymax>134</ymax>
                    </bndbox>
                </object>
                <object>
                    <name>Fire-Smoke</name>
                    <pose>Unspecified</pose>
                    <truncated>0</truncated>
                    <difficult>0</difficult>
                    <bndbox>
                        <xmin>1</xmin>
                        <ymin>64</ymin>
                        <xmax>59</xmax>
                        <ymax>92</ymax>
                    </bndbox>
                </object>
        </annotation>
        