
        <annotation>
            <folder>/content/drive/My Drive/Smoke_Masks2</folder>
            <filename>fire1357.jpg</filename>
            <path>/content/drive/My Drive/Smoke_Masks2/fire1357.jpg</path>
            <source>
                <database>Unknown</database>
            </source>
            <size>
                <width>213</width>
                <height>222</height>
                <depth>3</depth>
            </size>
            <segmented>0</segmented>
                <object>
                    <name>Fire-Smoke</name>
                    <pose>Unspecified</pose>
                    <truncated>0</truncated>
                    <difficult>0</difficult>
                    <bndbox>
                        <xmin>-1</xmin>
                        <ymin>105</ymin>
                        <xmax>94</xmax>
                        <ymax>171</ymax>
                    </bndbox>
                </object>
                <object>
                    <name>Fire-Smoke</name>
                    <pose>Unspecified</pose>
                    <truncated>0</truncated>
                    <difficult>0</difficult>
                    <bndbox>
                        <xmin>98</xmin>
                        <ymin>116</ymin>
                        <xmax>118</xmax>
                        <ymax>132</ymax>
                    </bndbox>
                </object>
                <object>
                    <name>Fire-Smoke</name>
                    <pose>Unspecified</pose>
                    <truncated>0</truncated>
                    <difficult>0</difficult>
                    <bndbox>
                        <xmin>121</xmin>
                        <ymin>121</ymin>
                        <xmax>135</xmax>
                        <ymax>132</ymax>
                    </bndbox>
                </object>
        </annotation>
        