
        <annotation>
            <folder>/content/drive/My Drive/Smoke_Masks2</folder>
            <filename>fire1000.jpg</filename>
            <path>/content/drive/My Drive/Smoke_Masks2/fire1000.jpg</path>
            <source>
                <database>Unknown</database>
            </source>
            <size>
                <width>213</width>
                <height>222</height>
                <depth>3</depth>
            </size>
            <segmented>0</segmented>
                <object>
                    <name>Fire-Smoke</name>
                    <pose>Unspecified</pose>
                    <truncated>0</truncated>
                    <difficult>0</difficult>
                    <bndbox>
                        <xmin>72</xmin>
                        <ymin>97</ymin>
                        <xmax>98</xmax>
                        <ymax>115</ymax>
                    </bndbox>
                </object>
                <object>
                    <name>Fire-Smoke</name>
                    <pose>Unspecified</pose>
                    <truncated>0</truncated>
                    <difficult>0</difficult>
                    <bndbox>
                        <xmin>138</xmin>
                        <ymin>72</ymin>
                        <xmax>160</xmax>
                        <ymax>94</ymax>
                    </bndbox>
                </object>
                <object>
                    <name>Fire-Smoke</name>
                    <pose>Unspecified</pose>
                    <truncated>0</truncated>
                    <difficult>0</difficult>
                    <bndbox>
                        <xmin>174</xmin>
                        <ymin>100</ymin>
                        <xmax>200</xmax>
                        <ymax>121</ymax>
                    </bndbox>
                </object>
                <object>
                    <name>Fire-Smoke</name>
                    <pose>Unspecified</pose>
                    <truncated>0</truncated>
                    <difficult>0</difficult>
                    <bndbox>
                        <xmin>105</xmin>
                        <ymin>53</ymin>
                        <xmax>127</xmax>
                        <ymax>72</ymax>
                    </bndbox>
                </object>
                <object>
                    <name>Fire-Smoke</name>
                    <pose>Unspecified</pose>
                    <truncated>0</truncated>
                    <difficult>0</difficult>
                    <bndbox>
                        <xmin>33</xmin>
                        <ymin>66</ymin>
                        <xmax>62</xmax>
                        <ymax>97</ymax>
                    </bndbox>
                </object>
                <object>
                    <name>Fire-Smoke</name>
                    <pose>Unspecified</pose>
                    <truncated>0</truncated>
                    <difficult>0</difficult>
                    <bndbox>
                        <xmin>0</xmin>
                        <ymin>34</ymin>
                        <xmax>21</xmax>
                        <ymax>85</ymax>
                    </bndbox>
                </object>
        </annotation>
        