
        <annotation>
            <folder>/content/drive/My Drive/Smoke_Masks2</folder>
            <filename>fire1322.jpg</filename>
            <path>/content/drive/My Drive/Smoke_Masks2/fire1322.jpg</path>
            <source>
                <database>Unknown</database>
            </source>
            <size>
                <width>212</width>
                <height>222</height>
                <depth>3</depth>
            </size>
            <segmented>0</segmented>
                <object>
                    <name>Fire-Smoke</name>
                    <pose>Unspecified</pose>
                    <truncated>0</truncated>
                    <difficult>0</difficult>
                    <bndbox>
                        <xmin>95</xmin>
                        <ymin>123</ymin>
                        <xmax>117</xmax>
                        <ymax>136</ymax>
                    </bndbox>
                </object>
                <object>
                    <name>Fire-Smoke</name>
                    <pose>Unspecified</pose>
                    <truncated>0</truncated>
                    <difficult>0</difficult>
                    <bndbox>
                        <xmin>68</xmin>
                        <ymin>102</ymin>
                        <xmax>93</xmax>
                        <ymax>118</ymax>
                    </bndbox>
                </object>
                <object>
                    <name>Fire-Smoke</name>
                    <pose>Unspecified</pose>
                    <truncated>0</truncated>
                    <difficult>0</difficult>
                    <bndbox>
                        <xmin>3</xmin>
                        <ymin>57</ymin>
                        <xmax>73</xmax>
                        <ymax>95</ymax>
                    </bndbox>
                </object>
        </annotation>
        