
        <annotation>
            <folder>/content/drive/My Drive/Smoke_Masks2</folder>
            <filename>fire1090.jpg</filename>
            <path>/content/drive/My Drive/Smoke_Masks2/fire1090.jpg</path>
            <source>
                <database>Unknown</database>
            </source>
            <size>
                <width>210</width>
                <height>222</height>
                <depth>3</depth>
            </size>
            <segmented>0</segmented>
                <object>
                    <name>Fire-Smoke</name>
                    <pose>Unspecified</pose>
                    <truncated>0</truncated>
                    <difficult>0</difficult>
                    <bndbox>
                        <xmin>34</xmin>
                        <ymin>101</ymin>
                        <xmax>120</xmax>
                        <ymax>140</ymax>
                    </bndbox>
                </object>
                <object>
                    <name>Fire-Smoke</name>
                    <pose>Unspecified</pose>
                    <truncated>0</truncated>
                    <difficult>0</difficult>
                    <bndbox>
                        <xmin>3</xmin>
                        <ymin>120</ymin>
                        <xmax>37</xmax>
                        <ymax>153</ymax>
                    </bndbox>
                </object>
        </annotation>
        