
        <annotation>
            <folder>/content/drive/My Drive/Smoke_Masks2</folder>
            <filename>fire1424.jpg</filename>
            <path>/content/drive/My Drive/Smoke_Masks2/fire1424.jpg</path>
            <source>
                <database>Unknown</database>
            </source>
            <size>
                <width>214</width>
                <height>222</height>
                <depth>3</depth>
            </size>
            <segmented>0</segmented>
                <object>
                    <name>Fire-Smoke</name>
                    <pose>Unspecified</pose>
                    <truncated>0</truncated>
                    <difficult>0</difficult>
                    <bndbox>
                        <xmin>109</xmin>
                        <ymin>134</ymin>
                        <xmax>158</xmax>
                        <ymax>157</ymax>
                    </bndbox>
                </object>
                <object>
                    <name>Fire-Smoke</name>
                    <pose>Unspecified</pose>
                    <truncated>0</truncated>
                    <difficult>0</difficult>
                    <bndbox>
                        <xmin>0</xmin>
                        <ymin>153</ymin>
                        <xmax>32</xmax>
                        <ymax>171</ymax>
                    </bndbox>
                </object>
                <object>
                    <name>Fire-Smoke</name>
                    <pose>Unspecified</pose>
                    <truncated>0</truncated>
                    <difficult>0</difficult>
                    <bndbox>
                        <xmin>44</xmin>
                        <ymin>87</ymin>
                        <xmax>88</xmax>
                        <ymax>134</ymax>
                    </bndbox>
                </object>
        </annotation>
        