
        <annotation>
            <folder>/content/drive/My Drive/Smoke_Masks2</folder>
            <filename>fire1477.jpg</filename>
            <path>/content/drive/My Drive/Smoke_Masks2/fire1477.jpg</path>
            <source>
                <database>Unknown</database>
            </source>
            <size>
                <width>213</width>
                <height>222</height>
                <depth>3</depth>
            </size>
            <segmented>0</segmented>
                <object>
                    <name>Fire-Smoke</name>
                    <pose>Unspecified</pose>
                    <truncated>0</truncated>
                    <difficult>0</difficult>
                    <bndbox>
                        <xmin>5</xmin>
                        <ymin>1</ymin>
                        <xmax>103</xmax>
                        <ymax>54</ymax>
                    </bndbox>
                </object>
                <object>
                    <name>Fire-Smoke</name>
                    <pose>Unspecified</pose>
                    <truncated>0</truncated>
                    <difficult>0</difficult>
                    <bndbox>
                        <xmin>85</xmin>
                        <ymin>113</ymin>
                        <xmax>105</xmax>
                        <ymax>121</ymax>
                    </bndbox>
                </object>
                <object>
                    <name>Fire-Smoke</name>
                    <pose>Unspecified</pose>
                    <truncated>0</truncated>
                    <difficult>0</difficult>
                    <bndbox>
                        <xmin>38</xmin>
                        <ymin>115</ymin>
                        <xmax>96</xmax>
                        <ymax>137</ymax>
                    </bndbox>
                </object>
        </annotation>
        