
        <annotation>
            <folder>/content/drive/My Drive/Smoke_Masks2</folder>
            <filename>fire1436.jpg</filename>
            <path>/content/drive/My Drive/Smoke_Masks2/fire1436.jpg</path>
            <source>
                <database>Unknown</database>
            </source>
            <size>
                <width>214</width>
                <height>222</height>
                <depth>3</depth>
            </size>
            <segmented>0</segmented>
                <object>
                    <name>Fire-Smoke</name>
                    <pose>Unspecified</pose>
                    <truncated>0</truncated>
                    <difficult>0</difficult>
                    <bndbox>
                        <xmin>116</xmin>
                        <ymin>133</ymin>
                        <xmax>150</xmax>
                        <ymax>145</ymax>
                    </bndbox>
                </object>
                <object>
                    <name>Fire-Smoke</name>
                    <pose>Unspecified</pose>
                    <truncated>0</truncated>
                    <difficult>0</difficult>
                    <bndbox>
                        <xmin>1</xmin>
                        <ymin>149</ymin>
                        <xmax>20</xmax>
                        <ymax>161</ymax>
                    </bndbox>
                </object>
                <object>
                    <name>Fire-Smoke</name>
                    <pose>Unspecified</pose>
                    <truncated>0</truncated>
                    <difficult>0</difficult>
                    <bndbox>
                        <xmin>29</xmin>
                        <ymin>79</ymin>
                        <xmax>95</xmax>
                        <ymax>132</ymax>
                    </bndbox>
                </object>
        </annotation>
        