
        <annotation>
            <folder>/content/drive/My Drive/Smoke_Masks2</folder>
            <filename>fire1387.jpg</filename>
            <path>/content/drive/My Drive/Smoke_Masks2/fire1387.jpg</path>
            <source>
                <database>Unknown</database>
            </source>
            <size>
                <width>213</width>
                <height>222</height>
                <depth>3</depth>
            </size>
            <segmented>0</segmented>
                <object>
                    <name>Fire-Smoke</name>
                    <pose>Unspecified</pose>
                    <truncated>0</truncated>
                    <difficult>0</difficult>
                    <bndbox>
                        <xmin>171</xmin>
                        <ymin>68</ymin>
                        <xmax>192</xmax>
                        <ymax>77</ymax>
                    </bndbox>
                </object>
                <object>
                    <name>Fire-Smoke</name>
                    <pose>Unspecified</pose>
                    <truncated>0</truncated>
                    <difficult>0</difficult>
                    <bndbox>
                        <xmin>153</xmin>
                        <ymin>54</ymin>
                        <xmax>175</xmax>
                        <ymax>86</ymax>
                    </bndbox>
                </object>
                <object>
                    <name>Fire-Smoke</name>
                    <pose>Unspecified</pose>
                    <truncated>0</truncated>
                    <difficult>0</difficult>
                    <bndbox>
                        <xmin>7</xmin>
                        <ymin>41</ymin>
                        <xmax>49</xmax>
                        <ymax>84</ymax>
                    </bndbox>
                </object>
                <object>
                    <name>Fire-Smoke</name>
                    <pose>Unspecified</pose>
                    <truncated>0</truncated>
                    <difficult>0</difficult>
                    <bndbox>
                        <xmin>48</xmin>
                        <ymin>98</ymin>
                        <xmax>78</xmax>
                        <ymax>119</ymax>
                    </bndbox>
                </object>
                <object>
                    <name>Fire-Smoke</name>
                    <pose>Unspecified</pose>
                    <truncated>0</truncated>
                    <difficult>0</difficult>
                    <bndbox>
                        <xmin>73</xmin>
                        <ymin>93</ymin>
                        <xmax>117</xmax>
                        <ymax>118</ymax>
                    </bndbox>
                </object>
        </annotation>
        