
        <annotation>
            <folder>/content/drive/My Drive/Smoke_Masks2</folder>
            <filename>fire1024.jpg</filename>
            <path>/content/drive/My Drive/Smoke_Masks2/fire1024.jpg</path>
            <source>
                <database>Unknown</database>
            </source>
            <size>
                <width>212</width>
                <height>222</height>
                <depth>3</depth>
            </size>
            <segmented>0</segmented>
                <object>
                    <name>Fire-Smoke</name>
                    <pose>Unspecified</pose>
                    <truncated>0</truncated>
                    <difficult>0</difficult>
                    <bndbox>
                        <xmin>8</xmin>
                        <ymin>117</ymin>
                        <xmax>63</xmax>
                        <ymax>136</ymax>
                    </bndbox>
                </object>
                <object>
                    <name>Fire-Smoke</name>
                    <pose>Unspecified</pose>
                    <truncated>0</truncated>
                    <difficult>0</difficult>
                    <bndbox>
                        <xmin>55</xmin>
                        <ymin>40</ymin>
                        <xmax>82</xmax>
                        <ymax>62</ymax>
                    </bndbox>
                </object>
                <object>
                    <name>Fire-Smoke</name>
                    <pose>Unspecified</pose>
                    <truncated>0</truncated>
                    <difficult>0</difficult>
                    <bndbox>
                        <xmin>76</xmin>
                        <ymin>118</ymin>
                        <xmax>103</xmax>
                        <ymax>132</ymax>
                    </bndbox>
                </object>
        </annotation>
        