
        <annotation>
            <folder>/content/drive/My Drive/Smoke_Masks2</folder>
            <filename>fire1264.jpg</filename>
            <path>/content/drive/My Drive/Smoke_Masks2/fire1264.jpg</path>
            <source>
                <database>Unknown</database>
            </source>
            <size>
                <width>212</width>
                <height>222</height>
                <depth>3</depth>
            </size>
            <segmented>0</segmented>
                <object>
                    <name>Fire-Smoke</name>
                    <pose>Unspecified</pose>
                    <truncated>0</truncated>
                    <difficult>0</difficult>
                    <bndbox>
                        <xmin>56</xmin>
                        <ymin>96</ymin>
                        <xmax>110</xmax>
                        <ymax>125</ymax>
                    </bndbox>
                </object>
                <object>
                    <name>Fire-Smoke</name>
                    <pose>Unspecified</pose>
                    <truncated>0</truncated>
                    <difficult>0</difficult>
                    <bndbox>
                        <xmin>33</xmin>
                        <ymin>8</ymin>
                        <xmax>65</xmax>
                        <ymax>18</ymax>
                    </bndbox>
                </object>
                <object>
                    <name>Fire-Smoke</name>
                    <pose>Unspecified</pose>
                    <truncated>0</truncated>
                    <difficult>0</difficult>
                    <bndbox>
                        <xmin>47</xmin>
                        <ymin>31</ymin>
                        <xmax>79</xmax>
                        <ymax>49</ymax>
                    </bndbox>
                </object>
        </annotation>
        