
        <annotation>
            <folder>/content/drive/My Drive/Smoke_Masks2</folder>
            <filename>fire1392.jpg</filename>
            <path>/content/drive/My Drive/Smoke_Masks2/fire1392.jpg</path>
            <source>
                <database>Unknown</database>
            </source>
            <size>
                <width>213</width>
                <height>222</height>
                <depth>3</depth>
            </size>
            <segmented>0</segmented>
                <object>
                    <name>Fire-Smoke</name>
                    <pose>Unspecified</pose>
                    <truncated>0</truncated>
                    <difficult>0</difficult>
                    <bndbox>
                        <xmin>11</xmin>
                        <ymin>28</ymin>
                        <xmax>56</xmax>
                        <ymax>73</ymax>
                    </bndbox>
                </object>
                <object>
                    <name>Fire-Smoke</name>
                    <pose>Unspecified</pose>
                    <truncated>0</truncated>
                    <difficult>0</difficult>
                    <bndbox>
                        <xmin>191</xmin>
                        <ymin>62</ymin>
                        <xmax>207</xmax>
                        <ymax>71</ymax>
                    </bndbox>
                </object>
                <object>
                    <name>Fire-Smoke</name>
                    <pose>Unspecified</pose>
                    <truncated>0</truncated>
                    <difficult>0</difficult>
                    <bndbox>
                        <xmin>156</xmin>
                        <ymin>43</ymin>
                        <xmax>189</xmax>
                        <ymax>80</ymax>
                    </bndbox>
                </object>
                <object>
                    <name>Fire-Smoke</name>
                    <pose>Unspecified</pose>
                    <truncated>0</truncated>
                    <difficult>0</difficult>
                    <bndbox>
                        <xmin>81</xmin>
                        <ymin>79</ymin>
                        <xmax>129</xmax>
                        <ymax>114</ymax>
                    </bndbox>
                </object>
        </annotation>
        