
        <annotation>
            <folder>/content/drive/My Drive/Smoke_Masks2</folder>
            <filename>fire1429.jpg</filename>
            <path>/content/drive/My Drive/Smoke_Masks2/fire1429.jpg</path>
            <source>
                <database>Unknown</database>
            </source>
            <size>
                <width>214</width>
                <height>222</height>
                <depth>3</depth>
            </size>
            <segmented>0</segmented>
                <object>
                    <name>Fire-Smoke</name>
                    <pose>Unspecified</pose>
                    <truncated>0</truncated>
                    <difficult>0</difficult>
                    <bndbox>
                        <xmin>125</xmin>
                        <ymin>137</ymin>
                        <xmax>159</xmax>
                        <ymax>152</ymax>
                    </bndbox>
                </object>
                <object>
                    <name>Fire-Smoke</name>
                    <pose>Unspecified</pose>
                    <truncated>0</truncated>
                    <difficult>0</difficult>
                    <bndbox>
                        <xmin>34</xmin>
                        <ymin>86</ymin>
                        <xmax>99</xmax>
                        <ymax>140</ymax>
                    </bndbox>
                </object>
                <object>
                    <name>Fire-Smoke</name>
                    <pose>Unspecified</pose>
                    <truncated>0</truncated>
                    <difficult>0</difficult>
                    <bndbox>
                        <xmin>1</xmin>
                        <ymin>153</ymin>
                        <xmax>31</xmax>
                        <ymax>168</ymax>
                    </bndbox>
                </object>
        </annotation>
        