
        <annotation>
            <folder>/content/drive/My Drive/Smoke_Masks2</folder>
            <filename>fire1018.jpg</filename>
            <path>/content/drive/My Drive/Smoke_Masks2/fire1018.jpg</path>
            <source>
                <database>Unknown</database>
            </source>
            <size>
                <width>212</width>
                <height>222</height>
                <depth>3</depth>
            </size>
            <segmented>0</segmented>
                <object>
                    <name>Fire-Smoke</name>
                    <pose>Unspecified</pose>
                    <truncated>0</truncated>
                    <difficult>0</difficult>
                    <bndbox>
                        <xmin>78</xmin>
                        <ymin>134</ymin>
                        <xmax>125</xmax>
                        <ymax>173</ymax>
                    </bndbox>
                </object>
                <object>
                    <name>Fire-Smoke</name>
                    <pose>Unspecified</pose>
                    <truncated>0</truncated>
                    <difficult>0</difficult>
                    <bndbox>
                        <xmin>0</xmin>
                        <ymin>134</ymin>
                        <xmax>65</xmax>
                        <ymax>167</ymax>
                    </bndbox>
                </object>
                <object>
                    <name>Fire-Smoke</name>
                    <pose>Unspecified</pose>
                    <truncated>0</truncated>
                    <difficult>0</difficult>
                    <bndbox>
                        <xmin>1</xmin>
                        <ymin>96</ymin>
                        <xmax>102</xmax>
                        <ymax>124</ymax>
                    </bndbox>
                </object>
        </annotation>
        