
        <annotation>
            <folder>/content/drive/My Drive/Smoke_Masks2</folder>
            <filename>fire1032.jpg</filename>
            <path>/content/drive/My Drive/Smoke_Masks2/fire1032.jpg</path>
            <source>
                <database>Unknown</database>
            </source>
            <size>
                <width>212</width>
                <height>222</height>
                <depth>3</depth>
            </size>
            <segmented>0</segmented>
                <object>
                    <name>Fire-Smoke</name>
                    <pose>Unspecified</pose>
                    <truncated>0</truncated>
                    <difficult>0</difficult>
                    <bndbox>
                        <xmin>38</xmin>
                        <ymin>17</ymin>
                        <xmax>86</xmax>
                        <ymax>50</ymax>
                    </bndbox>
                </object>
                <object>
                    <name>Fire-Smoke</name>
                    <pose>Unspecified</pose>
                    <truncated>0</truncated>
                    <difficult>0</difficult>
                    <bndbox>
                        <xmin>63</xmin>
                        <ymin>95</ymin>
                        <xmax>104</xmax>
                        <ymax>129</ymax>
                    </bndbox>
                </object>
                <object>
                    <name>Fire-Smoke</name>
                    <pose>Unspecified</pose>
                    <truncated>0</truncated>
                    <difficult>0</difficult>
                    <bndbox>
                        <xmin>4</xmin>
                        <ymin>87</ymin>
                        <xmax>53</xmax>
                        <ymax>127</ymax>
                    </bndbox>
                </object>
        </annotation>
        