
        <annotation>
            <folder>/content/drive/My Drive/Smoke_Masks2</folder>
            <filename>fire1023.jpg</filename>
            <path>/content/drive/My Drive/Smoke_Masks2/fire1023.jpg</path>
            <source>
                <database>Unknown</database>
            </source>
            <size>
                <width>212</width>
                <height>222</height>
                <depth>3</depth>
            </size>
            <segmented>0</segmented>
                <object>
                    <name>Fire-Smoke</name>
                    <pose>Unspecified</pose>
                    <truncated>0</truncated>
                    <difficult>0</difficult>
                    <bndbox>
                        <xmin>67</xmin>
                        <ymin>31</ymin>
                        <xmax>85</xmax>
                        <ymax>44</ymax>
                    </bndbox>
                </object>
                <object>
                    <name>Fire-Smoke</name>
                    <pose>Unspecified</pose>
                    <truncated>0</truncated>
                    <difficult>0</difficult>
                    <bndbox>
                        <xmin>86</xmin>
                        <ymin>101</ymin>
                        <xmax>113</xmax>
                        <ymax>119</ymax>
                    </bndbox>
                </object>
        </annotation>
        