
        <annotation>
            <folder>/content/drive/My Drive/Smoke_Masks2</folder>
            <filename>fire1457.jpg</filename>
            <path>/content/drive/My Drive/Smoke_Masks2/fire1457.jpg</path>
            <source>
                <database>Unknown</database>
            </source>
            <size>
                <width>215</width>
                <height>222</height>
                <depth>3</depth>
            </size>
            <segmented>0</segmented>
                <object>
                    <name>Fire-Smoke</name>
                    <pose>Unspecified</pose>
                    <truncated>0</truncated>
                    <difficult>0</difficult>
                    <bndbox>
                        <xmin>92</xmin>
                        <ymin>110</ymin>
                        <xmax>106</xmax>
                        <ymax>117</ymax>
                    </bndbox>
                </object>
                <object>
                    <name>Fire-Smoke</name>
                    <pose>Unspecified</pose>
                    <truncated>0</truncated>
                    <difficult>0</difficult>
                    <bndbox>
                        <xmin>23</xmin>
                        <ymin>66</ymin>
                        <xmax>62</xmax>
                        <ymax>93</ymax>
                    </bndbox>
                </object>
                <object>
                    <name>Fire-Smoke</name>
                    <pose>Unspecified</pose>
                    <truncated>0</truncated>
                    <difficult>0</difficult>
                    <bndbox>
                        <xmin>67</xmin>
                        <ymin>82</ymin>
                        <xmax>114</xmax>
                        <ymax>107</ymax>
                    </bndbox>
                </object>
        </annotation>
        