
        <annotation>
            <folder>/content/drive/My Drive/Smoke_Masks2</folder>
            <filename>fire121.jpg</filename>
            <path>/content/drive/My Drive/Smoke_Masks2/fire121.jpg</path>
            <source>
                <database>Unknown</database>
            </source>
            <size>
                <width>216</width>
                <height>222</height>
                <depth>3</depth>
            </size>
            <segmented>0</segmented>
                <object>
                    <name>Fire-Smoke</name>
                    <pose>Unspecified</pose>
                    <truncated>0</truncated>
                    <difficult>0</difficult>
                    <bndbox>
                        <xmin>85</xmin>
                        <ymin>112</ymin>
                        <xmax>116</xmax>
                        <ymax>132</ymax>
                    </bndbox>
                </object>
                <object>
                    <name>Fire-Smoke</name>
                    <pose>Unspecified</pose>
                    <truncated>0</truncated>
                    <difficult>0</difficult>
                    <bndbox>
                        <xmin>15</xmin>
                        <ymin>130</ymin>
                        <xmax>88</xmax>
                        <ymax>164</ymax>
                    </bndbox>
                </object>
                <object>
                    <name>Fire-Smoke</name>
                    <pose>Unspecified</pose>
                    <truncated>0</truncated>
                    <difficult>0</difficult>
                    <bndbox>
                        <xmin>98</xmin>
                        <ymin>133</ymin>
                        <xmax>123</xmax>
                        <ymax>150</ymax>
                    </bndbox>
                </object>
                <object>
                    <name>Fire-Smoke</name>
                    <pose>Unspecified</pose>
                    <truncated>0</truncated>
                    <difficult>0</difficult>
                    <bndbox>
                        <xmin>99</xmin>
                        <ymin>155</ymin>
                        <xmax>156</xmax>
                        <ymax>183</ymax>
                    </bndbox>
                </object>
        </annotation>
        