
        <annotation>
            <folder>/content/drive/My Drive/Smoke_Masks2</folder>
            <filename>fire103.jpg</filename>
            <path>/content/drive/My Drive/Smoke_Masks2/fire103.jpg</path>
            <source>
                <database>Unknown</database>
            </source>
            <size>
                <width>174</width>
                <height>222</height>
                <depth>3</depth>
            </size>
            <segmented>0</segmented>
                <object>
                    <name>Fire-Smoke</name>
                    <pose>Unspecified</pose>
                    <truncated>0</truncated>
                    <difficult>0</difficult>
                    <bndbox>
                        <xmin>144</xmin>
                        <ymin>46</ymin>
                        <xmax>152</xmax>
                        <ymax>73</ymax>
                    </bndbox>
                </object>
                <object>
                    <name>Fire-Smoke</name>
                    <pose>Unspecified</pose>
                    <truncated>0</truncated>
                    <difficult>0</difficult>
                    <bndbox>
                        <xmin>141</xmin>
                        <ymin>173</ymin>
                        <xmax>151</xmax>
                        <ymax>191</ymax>
                    </bndbox>
                </object>
        </annotation>
        