
        <annotation>
            <folder>/content/drive/My Drive/Smoke_Masks2</folder>
            <filename>fire1452.jpg</filename>
            <path>/content/drive/My Drive/Smoke_Masks2/fire1452.jpg</path>
            <source>
                <database>Unknown</database>
            </source>
            <size>
                <width>215</width>
                <height>222</height>
                <depth>3</depth>
            </size>
            <segmented>0</segmented>
                <object>
                    <name>Fire-Smoke</name>
                    <pose>Unspecified</pose>
                    <truncated>0</truncated>
                    <difficult>0</difficult>
                    <bndbox>
                        <xmin>96</xmin>
                        <ymin>142</ymin>
                        <xmax>133</xmax>
                        <ymax>155</ymax>
                    </bndbox>
                </object>
                <object>
                    <name>Fire-Smoke</name>
                    <pose>Unspecified</pose>
                    <truncated>0</truncated>
                    <difficult>0</difficult>
                    <bndbox>
                        <xmin>3</xmin>
                        <ymin>118</ymin>
                        <xmax>48</xmax>
                        <ymax>163</ymax>
                    </bndbox>
                </object>
        </annotation>
        