
        <annotation>
            <folder>/content/drive/My Drive/Smoke_Masks2</folder>
            <filename>fire1094.jpg</filename>
            <path>/content/drive/My Drive/Smoke_Masks2/fire1094.jpg</path>
            <source>
                <database>Unknown</database>
            </source>
            <size>
                <width>212</width>
                <height>222</height>
                <depth>3</depth>
            </size>
            <segmented>0</segmented>
                <object>
                    <name>Fire-Smoke</name>
                    <pose>Unspecified</pose>
                    <truncated>0</truncated>
                    <difficult>0</difficult>
                    <bndbox>
                        <xmin>127</xmin>
                        <ymin>153</ymin>
                        <xmax>162</xmax>
                        <ymax>162</ymax>
                    </bndbox>
                </object>
                <object>
                    <name>Fire-Smoke</name>
                    <pose>Unspecified</pose>
                    <truncated>0</truncated>
                    <difficult>0</difficult>
                    <bndbox>
                        <xmin>145</xmin>
                        <ymin>174</ymin>
                        <xmax>177</xmax>
                        <ymax>187</ymax>
                    </bndbox>
                </object>
                <object>
                    <name>Fire-Smoke</name>
                    <pose>Unspecified</pose>
                    <truncated>0</truncated>
                    <difficult>0</difficult>
                    <bndbox>
                        <xmin>14</xmin>
                        <ymin>155</ymin>
                        <xmax>47</xmax>
                        <ymax>181</ymax>
                    </bndbox>
                </object>
                <object>
                    <name>Fire-Smoke</name>
                    <pose>Unspecified</pose>
                    <truncated>0</truncated>
                    <difficult>0</difficult>
                    <bndbox>
                        <xmin>48</xmin>
                        <ymin>142</ymin>
                        <xmax>94</xmax>
                        <ymax>182</ymax>
                    </bndbox>
                </object>
                <object>
                    <name>Fire-Smoke</name>
                    <pose>Unspecified</pose>
                    <truncated>0</truncated>
                    <difficult>0</difficult>
                    <bndbox>
                        <xmin>1</xmin>
                        <ymin>99</ymin>
                        <xmax>122</xmax>
                        <ymax>151</ymax>
                    </bndbox>
                </object>
        </annotation>
        