
        <annotation>
            <folder>/content/drive/My Drive/Smoke_Masks2</folder>
            <filename>fire1055.jpg</filename>
            <path>/content/drive/My Drive/Smoke_Masks2/fire1055.jpg</path>
            <source>
                <database>Unknown</database>
            </source>
            <size>
                <width>175</width>
                <height>222</height>
                <depth>3</depth>
            </size>
            <segmented>0</segmented>
                <object>
                    <name>Fire-Smoke</name>
                    <pose>Unspecified</pose>
                    <truncated>0</truncated>
                    <difficult>0</difficult>
                    <bndbox>
                        <xmin>107</xmin>
                        <ymin>130</ymin>
                        <xmax>142</xmax>
                        <ymax>154</ymax>
                    </bndbox>
                </object>
                <object>
                    <name>Fire-Smoke</name>
                    <pose>Unspecified</pose>
                    <truncated>0</truncated>
                    <difficult>0</difficult>
                    <bndbox>
                        <xmin>21</xmin>
                        <ymin>5</ymin>
                        <xmax>100</xmax>
                        <ymax>104</ymax>
                    </bndbox>
                </object>
                <object>
                    <name>Fire-Smoke</name>
                    <pose>Unspecified</pose>
                    <truncated>0</truncated>
                    <difficult>0</difficult>
                    <bndbox>
                        <xmin>58</xmin>
                        <ymin>159</ymin>
                        <xmax>139</xmax>
                        <ymax>216</ymax>
                    </bndbox>
                </object>
                <object>
                    <name>Fire-Smoke</name>
                    <pose>Unspecified</pose>
                    <truncated>0</truncated>
                    <difficult>0</difficult>
                    <bndbox>
                        <xmin>26</xmin>
                        <ymin>118</ymin>
                        <xmax>98</xmax>
                        <ymax>177</ymax>
                    </bndbox>
                </object>
        </annotation>
        