
        <annotation>
            <folder>/content/drive/My Drive/Smoke_Masks2</folder>
            <filename>fire1133.jpg</filename>
            <path>/content/drive/My Drive/Smoke_Masks2/fire1133.jpg</path>
            <source>
                <database>Unknown</database>
            </source>
            <size>
                <width>214</width>
                <height>222</height>
                <depth>3</depth>
            </size>
            <segmented>0</segmented>
                <object>
                    <name>Fire-Smoke</name>
                    <pose>Unspecified</pose>
                    <truncated>0</truncated>
                    <difficult>0</difficult>
                    <bndbox>
                        <xmin>97</xmin>
                        <ymin>119</ymin>
                        <xmax>135</xmax>
                        <ymax>133</ymax>
                    </bndbox>
                </object>
                <object>
                    <name>Fire-Smoke</name>
                    <pose>Unspecified</pose>
                    <truncated>0</truncated>
                    <difficult>0</difficult>
                    <bndbox>
                        <xmin>10</xmin>
                        <ymin>169</ymin>
                        <xmax>59</xmax>
                        <ymax>197</ymax>
                    </bndbox>
                </object>
        </annotation>
        