
        <annotation>
            <folder>/content/drive/My Drive/Smoke_Masks2</folder>
            <filename>fire1389.jpg</filename>
            <path>/content/drive/My Drive/Smoke_Masks2/fire1389.jpg</path>
            <source>
                <database>Unknown</database>
            </source>
            <size>
                <width>213</width>
                <height>222</height>
                <depth>3</depth>
            </size>
            <segmented>0</segmented>
                <object>
                    <name>Fire-Smoke</name>
                    <pose>Unspecified</pose>
                    <truncated>0</truncated>
                    <difficult>0</difficult>
                    <bndbox>
                        <xmin>5</xmin>
                        <ymin>40</ymin>
                        <xmax>34</xmax>
                        <ymax>77</ymax>
                    </bndbox>
                </object>
                <object>
                    <name>Fire-Smoke</name>
                    <pose>Unspecified</pose>
                    <truncated>0</truncated>
                    <difficult>0</difficult>
                    <bndbox>
                        <xmin>36</xmin>
                        <ymin>94</ymin>
                        <xmax>63</xmax>
                        <ymax>126</ymax>
                    </bndbox>
                </object>
                <object>
                    <name>Fire-Smoke</name>
                    <pose>Unspecified</pose>
                    <truncated>0</truncated>
                    <difficult>0</difficult>
                    <bndbox>
                        <xmin>66</xmin>
                        <ymin>90</ymin>
                        <xmax>103</xmax>
                        <ymax>118</ymax>
                    </bndbox>
                </object>
                <object>
                    <name>Fire-Smoke</name>
                    <pose>Unspecified</pose>
                    <truncated>0</truncated>
                    <difficult>0</difficult>
                    <bndbox>
                        <xmin>160</xmin>
                        <ymin>58</ymin>
                        <xmax>183</xmax>
                        <ymax>77</ymax>
                    </bndbox>
                </object>
                <object>
                    <name>Fire-Smoke</name>
                    <pose>Unspecified</pose>
                    <truncated>0</truncated>
                    <difficult>0</difficult>
                    <bndbox>
                        <xmin>135</xmin>
                        <ymin>45</ymin>
                        <xmax>161</xmax>
                        <ymax>87</ymax>
                    </bndbox>
                </object>
        </annotation>
        