
        <annotation>
            <folder>/content/drive/My Drive/Smoke_Masks2</folder>
            <filename>fire1064.jpg</filename>
            <path>/content/drive/My Drive/Smoke_Masks2/fire1064.jpg</path>
            <source>
                <database>Unknown</database>
            </source>
            <size>
                <width>195</width>
                <height>222</height>
                <depth>3</depth>
            </size>
            <segmented>0</segmented>
                <object>
                    <name>Fire-Smoke</name>
                    <pose>Unspecified</pose>
                    <truncated>0</truncated>
                    <difficult>0</difficult>
                    <bndbox>
                        <xmin>46</xmin>
                        <ymin>177</ymin>
                        <xmax>62</xmax>
                        <ymax>191</ymax>
                    </bndbox>
                </object>
                <object>
                    <name>Fire-Smoke</name>
                    <pose>Unspecified</pose>
                    <truncated>0</truncated>
                    <difficult>0</difficult>
                    <bndbox>
                        <xmin>40</xmin>
                        <ymin>120</ymin>
                        <xmax>81</xmax>
                        <ymax>141</ymax>
                    </bndbox>
                </object>
                <object>
                    <name>Fire-Smoke</name>
                    <pose>Unspecified</pose>
                    <truncated>0</truncated>
                    <difficult>0</difficult>
                    <bndbox>
                        <xmin>78</xmin>
                        <ymin>76</ymin>
                        <xmax>115</xmax>
                        <ymax>101</ymax>
                    </bndbox>
                </object>
        </annotation>
        