
        <annotation>
            <folder>/content/drive/My Drive/Smoke_Masks2</folder>
            <filename>fire1029.jpg</filename>
            <path>/content/drive/My Drive/Smoke_Masks2/fire1029.jpg</path>
            <source>
                <database>Unknown</database>
            </source>
            <size>
                <width>212</width>
                <height>222</height>
                <depth>3</depth>
            </size>
            <segmented>0</segmented>
                <object>
                    <name>Fire-Smoke</name>
                    <pose>Unspecified</pose>
                    <truncated>0</truncated>
                    <difficult>0</difficult>
                    <bndbox>
                        <xmin>57</xmin>
                        <ymin>16</ymin>
                        <xmax>91</xmax>
                        <ymax>35</ymax>
                    </bndbox>
                </object>
                <object>
                    <name>Fire-Smoke</name>
                    <pose>Unspecified</pose>
                    <truncated>0</truncated>
                    <difficult>0</difficult>
                    <bndbox>
                        <xmin>84</xmin>
                        <ymin>87</ymin>
                        <xmax>113</xmax>
                        <ymax>113</ymax>
                    </bndbox>
                </object>
                <object>
                    <name>Fire-Smoke</name>
                    <pose>Unspecified</pose>
                    <truncated>0</truncated>
                    <difficult>0</difficult>
                    <bndbox>
                        <xmin>10</xmin>
                        <ymin>82</ymin>
                        <xmax>94</xmax>
                        <ymax>117</ymax>
                    </bndbox>
                </object>
        </annotation>
        