
        <annotation>
            <folder>/content/drive/My Drive/Smoke_Masks2</folder>
            <filename>fire1119.jpg</filename>
            <path>/content/drive/My Drive/Smoke_Masks2/fire1119.jpg</path>
            <source>
                <database>Unknown</database>
            </source>
            <size>
                <width>212</width>
                <height>222</height>
                <depth>3</depth>
            </size>
            <segmented>0</segmented>
                <object>
                    <name>Fire-Smoke</name>
                    <pose>Unspecified</pose>
                    <truncated>0</truncated>
                    <difficult>0</difficult>
                    <bndbox>
                        <xmin>170</xmin>
                        <ymin>185</ymin>
                        <xmax>211</xmax>
                        <ymax>199</ymax>
                    </bndbox>
                </object>
                <object>
                    <name>Fire-Smoke</name>
                    <pose>Unspecified</pose>
                    <truncated>0</truncated>
                    <difficult>0</difficult>
                    <bndbox>
                        <xmin>174</xmin>
                        <ymin>160</ymin>
                        <xmax>207</xmax>
                        <ymax>171</ymax>
                    </bndbox>
                </object>
                <object>
                    <name>Fire-Smoke</name>
                    <pose>Unspecified</pose>
                    <truncated>0</truncated>
                    <difficult>0</difficult>
                    <bndbox>
                        <xmin>22</xmin>
                        <ymin>157</ymin>
                        <xmax>67</xmax>
                        <ymax>187</ymax>
                    </bndbox>
                </object>
                <object>
                    <name>Fire-Smoke</name>
                    <pose>Unspecified</pose>
                    <truncated>0</truncated>
                    <difficult>0</difficult>
                    <bndbox>
                        <xmin>65</xmin>
                        <ymin>155</ymin>
                        <xmax>114</xmax>
                        <ymax>196</ymax>
                    </bndbox>
                </object>
                <object>
                    <name>Fire-Smoke</name>
                    <pose>Unspecified</pose>
                    <truncated>0</truncated>
                    <difficult>0</difficult>
                    <bndbox>
                        <xmin>2</xmin>
                        <ymin>100</ymin>
                        <xmax>154</xmax>
                        <ymax>155</ymax>
                    </bndbox>
                </object>
        </annotation>
        