
        <annotation>
            <folder>/content/drive/My Drive/Smoke_Masks2</folder>
            <filename>fire1435.jpg</filename>
            <path>/content/drive/My Drive/Smoke_Masks2/fire1435.jpg</path>
            <source>
                <database>Unknown</database>
            </source>
            <size>
                <width>214</width>
                <height>222</height>
                <depth>3</depth>
            </size>
            <segmented>0</segmented>
                <object>
                    <name>Fire-Smoke</name>
                    <pose>Unspecified</pose>
                    <truncated>0</truncated>
                    <difficult>0</difficult>
                    <bndbox>
                        <xmin>126</xmin>
                        <ymin>134</ymin>
                        <xmax>153</xmax>
                        <ymax>146</ymax>
                    </bndbox>
                </object>
                <object>
                    <name>Fire-Smoke</name>
                    <pose>Unspecified</pose>
                    <truncated>0</truncated>
                    <difficult>0</difficult>
                    <bndbox>
                        <xmin>22</xmin>
                        <ymin>82</ymin>
                        <xmax>86</xmax>
                        <ymax>141</ymax>
                    </bndbox>
                </object>
                <object>
                    <name>Fire-Smoke</name>
                    <pose>Unspecified</pose>
                    <truncated>0</truncated>
                    <difficult>0</difficult>
                    <bndbox>
                        <xmin>1</xmin>
                        <ymin>149</ymin>
                        <xmax>28</xmax>
                        <ymax>162</ymax>
                    </bndbox>
                </object>
        </annotation>
        