
        <annotation>
            <folder>/content/drive/My Drive/Smoke_Masks2</folder>
            <filename>fire1313.jpg</filename>
            <path>/content/drive/My Drive/Smoke_Masks2/fire1313.jpg</path>
            <source>
                <database>Unknown</database>
            </source>
            <size>
                <width>212</width>
                <height>222</height>
                <depth>3</depth>
            </size>
            <segmented>0</segmented>
                <object>
                    <name>Fire-Smoke</name>
                    <pose>Unspecified</pose>
                    <truncated>0</truncated>
                    <difficult>0</difficult>
                    <bndbox>
                        <xmin>68</xmin>
                        <ymin>119</ymin>
                        <xmax>107</xmax>
                        <ymax>141</ymax>
                    </bndbox>
                </object>
                <object>
                    <name>Fire-Smoke</name>
                    <pose>Unspecified</pose>
                    <truncated>0</truncated>
                    <difficult>0</difficult>
                    <bndbox>
                        <xmin>41</xmin>
                        <ymin>87</ymin>
                        <xmax>67</xmax>
                        <ymax>101</ymax>
                    </bndbox>
                </object>
                <object>
                    <name>Fire-Smoke</name>
                    <pose>Unspecified</pose>
                    <truncated>0</truncated>
                    <difficult>0</difficult>
                    <bndbox>
                        <xmin>1</xmin>
                        <ymin>53</ymin>
                        <xmax>51</xmax>
                        <ymax>75</ymax>
                    </bndbox>
                </object>
        </annotation>
        