
        <annotation>
            <folder>/content/drive/My Drive/Smoke_Masks2</folder>
            <filename>fire1320.jpg</filename>
            <path>/content/drive/My Drive/Smoke_Masks2/fire1320.jpg</path>
            <source>
                <database>Unknown</database>
            </source>
            <size>
                <width>212</width>
                <height>222</height>
                <depth>3</depth>
            </size>
            <segmented>0</segmented>
                <object>
                    <name>Fire-Smoke</name>
                    <pose>Unspecified</pose>
                    <truncated>0</truncated>
                    <difficult>0</difficult>
                    <bndbox>
                        <xmin>27</xmin>
                        <ymin>47</ymin>
                        <xmax>63</xmax>
                        <ymax>65</ymax>
                    </bndbox>
                </object>
                <object>
                    <name>Fire-Smoke</name>
                    <pose>Unspecified</pose>
                    <truncated>0</truncated>
                    <difficult>0</difficult>
                    <bndbox>
                        <xmin>17</xmin>
                        <ymin>24</ymin>
                        <xmax>42</xmax>
                        <ymax>40</ymax>
                    </bndbox>
                </object>
                <object>
                    <name>Fire-Smoke</name>
                    <pose>Unspecified</pose>
                    <truncated>0</truncated>
                    <difficult>0</difficult>
                    <bndbox>
                        <xmin>-1</xmin>
                        <ymin>4</ymin>
                        <xmax>17</xmax>
                        <ymax>16</ymax>
                    </bndbox>
                </object>
        </annotation>
        