
        <annotation>
            <folder>/content/drive/My Drive/Smoke_Masks2</folder>
            <filename>fire1071.jpg</filename>
            <path>/content/drive/My Drive/Smoke_Masks2/fire1071.jpg</path>
            <source>
                <database>Unknown</database>
            </source>
            <size>
                <width>214</width>
                <height>222</height>
                <depth>3</depth>
            </size>
            <segmented>0</segmented>
                <object>
                    <name>Fire-Smoke</name>
                    <pose>Unspecified</pose>
                    <truncated>0</truncated>
                    <difficult>0</difficult>
                    <bndbox>
                        <xmin>143</xmin>
                        <ymin>27</ymin>
                        <xmax>170</xmax>
                        <ymax>51</ymax>
                    </bndbox>
                </object>
                <object>
                    <name>Fire-Smoke</name>
                    <pose>Unspecified</pose>
                    <truncated>0</truncated>
                    <difficult>0</difficult>
                    <bndbox>
                        <xmin>194</xmin>
                        <ymin>6</ymin>
                        <xmax>211</xmax>
                        <ymax>79</ymax>
                    </bndbox>
                </object>
        </annotation>
        