
        <annotation>
            <folder>/content/drive/My Drive/Smoke_Masks2</folder>
            <filename>fire1425.jpg</filename>
            <path>/content/drive/My Drive/Smoke_Masks2/fire1425.jpg</path>
            <source>
                <database>Unknown</database>
            </source>
            <size>
                <width>214</width>
                <height>222</height>
                <depth>3</depth>
            </size>
            <segmented>0</segmented>
                <object>
                    <name>Fire-Smoke</name>
                    <pose>Unspecified</pose>
                    <truncated>0</truncated>
                    <difficult>0</difficult>
                    <bndbox>
                        <xmin>125</xmin>
                        <ymin>142</ymin>
                        <xmax>156</xmax>
                        <ymax>153</ymax>
                    </bndbox>
                </object>
                <object>
                    <name>Fire-Smoke</name>
                    <pose>Unspecified</pose>
                    <truncated>0</truncated>
                    <difficult>0</difficult>
                    <bndbox>
                        <xmin>0</xmin>
                        <ymin>156</ymin>
                        <xmax>34</xmax>
                        <ymax>170</ymax>
                    </bndbox>
                </object>
                <object>
                    <name>Fire-Smoke</name>
                    <pose>Unspecified</pose>
                    <truncated>0</truncated>
                    <difficult>0</difficult>
                    <bndbox>
                        <xmin>38</xmin>
                        <ymin>85</ymin>
                        <xmax>95</xmax>
                        <ymax>142</ymax>
                    </bndbox>
                </object>
        </annotation>
        