
        <annotation>
            <folder>/content/drive/My Drive/Smoke_Masks2</folder>
            <filename>fire1066.jpg</filename>
            <path>/content/drive/My Drive/Smoke_Masks2/fire1066.jpg</path>
            <source>
                <database>Unknown</database>
            </source>
            <size>
                <width>195</width>
                <height>222</height>
                <depth>3</depth>
            </size>
            <segmented>0</segmented>
                <object>
                    <name>Fire-Smoke</name>
                    <pose>Unspecified</pose>
                    <truncated>0</truncated>
                    <difficult>0</difficult>
                    <bndbox>
                        <xmin>35</xmin>
                        <ymin>180</ymin>
                        <xmax>64</xmax>
                        <ymax>196</ymax>
                    </bndbox>
                </object>
                <object>
                    <name>Fire-Smoke</name>
                    <pose>Unspecified</pose>
                    <truncated>0</truncated>
                    <difficult>0</difficult>
                    <bndbox>
                        <xmin>130</xmin>
                        <ymin>165</ymin>
                        <xmax>171</xmax>
                        <ymax>192</ymax>
                    </bndbox>
                </object>
                <object>
                    <name>Fire-Smoke</name>
                    <pose>Unspecified</pose>
                    <truncated>0</truncated>
                    <difficult>0</difficult>
                    <bndbox>
                        <xmin>40</xmin>
                        <ymin>145</ymin>
                        <xmax>80</xmax>
                        <ymax>160</ymax>
                    </bndbox>
                </object>
        </annotation>
        