
        <annotation>
            <folder>/content/drive/My Drive/Smoke_Masks2</folder>
            <filename>fire1028.jpg</filename>
            <path>/content/drive/My Drive/Smoke_Masks2/fire1028.jpg</path>
            <source>
                <database>Unknown</database>
            </source>
            <size>
                <width>212</width>
                <height>222</height>
                <depth>3</depth>
            </size>
            <segmented>0</segmented>
                <object>
                    <name>Fire-Smoke</name>
                    <pose>Unspecified</pose>
                    <truncated>0</truncated>
                    <difficult>0</difficult>
                    <bndbox>
                        <xmin>47</xmin>
                        <ymin>11</ymin>
                        <xmax>99</xmax>
                        <ymax>34</ymax>
                    </bndbox>
                </object>
                <object>
                    <name>Fire-Smoke</name>
                    <pose>Unspecified</pose>
                    <truncated>0</truncated>
                    <difficult>0</difficult>
                    <bndbox>
                        <xmin>84</xmin>
                        <ymin>88</ymin>
                        <xmax>115</xmax>
                        <ymax>110</ymax>
                    </bndbox>
                </object>
                <object>
                    <name>Fire-Smoke</name>
                    <pose>Unspecified</pose>
                    <truncated>0</truncated>
                    <difficult>0</difficult>
                    <bndbox>
                        <xmin>4</xmin>
                        <ymin>76</ymin>
                        <xmax>78</xmax>
                        <ymax>102</ymax>
                    </bndbox>
                </object>
        </annotation>
        