
        <annotation>
            <folder>/content/drive/My Drive/Smoke_Masks2</folder>
            <filename>fire123.jpg</filename>
            <path>/content/drive/My Drive/Smoke_Masks2/fire123.jpg</path>
            <source>
                <database>Unknown</database>
            </source>
            <size>
                <width>216</width>
                <height>222</height>
                <depth>3</depth>
            </size>
            <segmented>0</segmented>
                <object>
                    <name>Fire-Smoke</name>
                    <pose>Unspecified</pose>
                    <truncated>0</truncated>
                    <difficult>0</difficult>
                    <bndbox>
                        <xmin>85</xmin>
                        <ymin>110</ymin>
                        <xmax>118</xmax>
                        <ymax>151</ymax>
                    </bndbox>
                </object>
                <object>
                    <name>Fire-Smoke</name>
                    <pose>Unspecified</pose>
                    <truncated>0</truncated>
                    <difficult>0</difficult>
                    <bndbox>
                        <xmin>20</xmin>
                        <ymin>130</ymin>
                        <xmax>109</xmax>
                        <ymax>166</ymax>
                    </bndbox>
                </object>
                <object>
                    <name>Fire-Smoke</name>
                    <pose>Unspecified</pose>
                    <truncated>0</truncated>
                    <difficult>0</difficult>
                    <bndbox>
                        <xmin>109</xmin>
                        <ymin>153</ymin>
                        <xmax>147</xmax>
                        <ymax>185</ymax>
                    </bndbox>
                </object>
        </annotation>
        