
        <annotation>
            <folder>/content/drive/My Drive/Smoke_Masks2</folder>
            <filename>fire1287.jpg</filename>
            <path>/content/drive/My Drive/Smoke_Masks2/fire1287.jpg</path>
            <source>
                <database>Unknown</database>
            </source>
            <size>
                <width>215</width>
                <height>222</height>
                <depth>3</depth>
            </size>
            <segmented>0</segmented>
                <object>
                    <name>Fire-Smoke</name>
                    <pose>Unspecified</pose>
                    <truncated>0</truncated>
                    <difficult>0</difficult>
                    <bndbox>
                        <xmin>31</xmin>
                        <ymin>79</ymin>
                        <xmax>43</xmax>
                        <ymax>90</ymax>
                    </bndbox>
                </object>
                <object>
                    <name>Fire-Smoke</name>
                    <pose>Unspecified</pose>
                    <truncated>0</truncated>
                    <difficult>0</difficult>
                    <bndbox>
                        <xmin>1</xmin>
                        <ymin>66</ymin>
                        <xmax>22</xmax>
                        <ymax>77</ymax>
                    </bndbox>
                </object>
                <object>
                    <name>Fire-Smoke</name>
                    <pose>Unspecified</pose>
                    <truncated>0</truncated>
                    <difficult>0</difficult>
                    <bndbox>
                        <xmin>49</xmin>
                        <ymin>85</ymin>
                        <xmax>71</xmax>
                        <ymax>100</ymax>
                    </bndbox>
                </object>
        </annotation>
        