
        <annotation>
            <folder>/content/drive/My Drive/Smoke_Masks2</folder>
            <filename>fire1484.jpg</filename>
            <path>/content/drive/My Drive/Smoke_Masks2/fire1484.jpg</path>
            <source>
                <database>Unknown</database>
            </source>
            <size>
                <width>213</width>
                <height>222</height>
                <depth>3</depth>
            </size>
            <segmented>0</segmented>
                <object>
                    <name>Fire-Smoke</name>
                    <pose>Unspecified</pose>
                    <truncated>0</truncated>
                    <difficult>0</difficult>
                    <bndbox>
                        <xmin>87</xmin>
                        <ymin>96</ymin>
                        <xmax>107</xmax>
                        <ymax>106</ymax>
                    </bndbox>
                </object>
                <object>
                    <name>Fire-Smoke</name>
                    <pose>Unspecified</pose>
                    <truncated>0</truncated>
                    <difficult>0</difficult>
                    <bndbox>
                        <xmin>9</xmin>
                        <ymin>3</ymin>
                        <xmax>85</xmax>
                        <ymax>31</ymax>
                    </bndbox>
                </object>
                <object>
                    <name>Fire-Smoke</name>
                    <pose>Unspecified</pose>
                    <truncated>0</truncated>
                    <difficult>0</difficult>
                    <bndbox>
                        <xmin>50</xmin>
                        <ymin>105</ymin>
                        <xmax>107</xmax>
                        <ymax>124</ymax>
                    </bndbox>
                </object>
        </annotation>
        