
        <annotation>
            <folder>/content/drive/My Drive/Smoke_Masks2</folder>
            <filename>fire1069.jpg</filename>
            <path>/content/drive/My Drive/Smoke_Masks2/fire1069.jpg</path>
            <source>
                <database>Unknown</database>
            </source>
            <size>
                <width>195</width>
                <height>222</height>
                <depth>3</depth>
            </size>
            <segmented>0</segmented>
                <object>
                    <name>Fire-Smoke</name>
                    <pose>Unspecified</pose>
                    <truncated>0</truncated>
                    <difficult>0</difficult>
                    <bndbox>
                        <xmin>43</xmin>
                        <ymin>183</ymin>
                        <xmax>59</xmax>
                        <ymax>190</ymax>
                    </bndbox>
                </object>
                <object>
                    <name>Fire-Smoke</name>
                    <pose>Unspecified</pose>
                    <truncated>0</truncated>
                    <difficult>0</difficult>
                    <bndbox>
                        <xmin>61</xmin>
                        <ymin>69</ymin>
                        <xmax>92</xmax>
                        <ymax>97</ymax>
                    </bndbox>
                </object>
                <object>
                    <name>Fire-Smoke</name>
                    <pose>Unspecified</pose>
                    <truncated>0</truncated>
                    <difficult>0</difficult>
                    <bndbox>
                        <xmin>51</xmin>
                        <ymin>126</ymin>
                        <xmax>77</xmax>
                        <ymax>145</ymax>
                    </bndbox>
                </object>
        </annotation>
        