
        <annotation>
            <folder>/content/drive/My Drive/Smoke_Masks2</folder>
            <filename>fire116.jpg</filename>
            <path>/content/drive/My Drive/Smoke_Masks2/fire116.jpg</path>
            <source>
                <database>Unknown</database>
            </source>
            <size>
                <width>216</width>
                <height>222</height>
                <depth>3</depth>
            </size>
            <segmented>0</segmented>
                <object>
                    <name>Fire-Smoke</name>
                    <pose>Unspecified</pose>
                    <truncated>0</truncated>
                    <difficult>0</difficult>
                    <bndbox>
                        <xmin>156</xmin>
                        <ymin>40</ymin>
                        <xmax>214</xmax>
                        <ymax>96</ymax>
                    </bndbox>
                </object>
                <object>
                    <name>Fire-Smoke</name>
                    <pose>Unspecified</pose>
                    <truncated>0</truncated>
                    <difficult>0</difficult>
                    <bndbox>
                        <xmin>43</xmin>
                        <ymin>112</ymin>
                        <xmax>111</xmax>
                        <ymax>130</ymax>
                    </bndbox>
                </object>
        </annotation>
        