
        <annotation>
            <folder>/content/drive/My Drive/Smoke_Masks2</folder>
            <filename>fire1056.jpg</filename>
            <path>/content/drive/My Drive/Smoke_Masks2/fire1056.jpg</path>
            <source>
                <database>Unknown</database>
            </source>
            <size>
                <width>175</width>
                <height>222</height>
                <depth>3</depth>
            </size>
            <segmented>0</segmented>
                <object>
                    <name>Fire-Smoke</name>
                    <pose>Unspecified</pose>
                    <truncated>0</truncated>
                    <difficult>0</difficult>
                    <bndbox>
                        <xmin>2</xmin>
                        <ymin>85</ymin>
                        <xmax>62</xmax>
                        <ymax>149</ymax>
                    </bndbox>
                </object>
                <object>
                    <name>Fire-Smoke</name>
                    <pose>Unspecified</pose>
                    <truncated>0</truncated>
                    <difficult>0</difficult>
                    <bndbox>
                        <xmin>111</xmin>
                        <ymin>183</ymin>
                        <xmax>168</xmax>
                        <ymax>218</ymax>
                    </bndbox>
                </object>
                <object>
                    <name>Fire-Smoke</name>
                    <pose>Unspecified</pose>
                    <truncated>0</truncated>
                    <difficult>0</difficult>
                    <bndbox>
                        <xmin>121</xmin>
                        <ymin>128</ymin>
                        <xmax>171</xmax>
                        <ymax>172</ymax>
                    </bndbox>
                </object>
                <object>
                    <name>Fire-Smoke</name>
                    <pose>Unspecified</pose>
                    <truncated>0</truncated>
                    <difficult>0</difficult>
                    <bndbox>
                        <xmin>61</xmin>
                        <ymin>6</ymin>
                        <xmax>123</xmax>
                        <ymax>71</ymax>
                    </bndbox>
                </object>
                <object>
                    <name>Fire-Smoke</name>
                    <pose>Unspecified</pose>
                    <truncated>0</truncated>
                    <difficult>0</difficult>
                    <bndbox>
                        <xmin>40</xmin>
                        <ymin>114</ymin>
                        <xmax>124</xmax>
                        <ymax>174</ymax>
                    </bndbox>
                </object>
                <object>
                    <name>Fire-Smoke</name>
                    <pose>Unspecified</pose>
                    <truncated>0</truncated>
                    <difficult>0</difficult>
                    <bndbox>
                        <xmin>61</xmin>
                        <ymin>160</ymin>
                        <xmax>114</xmax>
                        <ymax>219</ymax>
                    </bndbox>
                </object>
        </annotation>
        