
        <annotation>
            <folder>/content/drive/My Drive/Smoke_Masks2</folder>
            <filename>fire1485.jpg</filename>
            <path>/content/drive/My Drive/Smoke_Masks2/fire1485.jpg</path>
            <source>
                <database>Unknown</database>
            </source>
            <size>
                <width>216</width>
                <height>222</height>
                <depth>3</depth>
            </size>
            <segmented>0</segmented>
                <object>
                    <name>Fire-Smoke</name>
                    <pose>Unspecified</pose>
                    <truncated>0</truncated>
                    <difficult>0</difficult>
                    <bndbox>
                        <xmin>67</xmin>
                        <ymin>102</ymin>
                        <xmax>117</xmax>
                        <ymax>120</ymax>
                    </bndbox>
                </object>
                <object>
                    <name>Fire-Smoke</name>
                    <pose>Unspecified</pose>
                    <truncated>0</truncated>
                    <difficult>0</difficult>
                    <bndbox>
                        <xmin>117</xmin>
                        <ymin>144</ymin>
                        <xmax>175</xmax>
                        <ymax>158</ymax>
                    </bndbox>
                </object>
        </annotation>
        