
        <annotation>
            <folder>/content/drive/My Drive/Smoke_Masks2</folder>
            <filename>fire1005.jpg</filename>
            <path>/content/drive/My Drive/Smoke_Masks2/fire1005.jpg</path>
            <source>
                <database>Unknown</database>
            </source>
            <size>
                <width>213</width>
                <height>222</height>
                <depth>3</depth>
            </size>
            <segmented>0</segmented>
                <object>
                    <name>Fire-Smoke</name>
                    <pose>Unspecified</pose>
                    <truncated>0</truncated>
                    <difficult>0</difficult>
                    <bndbox>
                        <xmin>28</xmin>
                        <ymin>49</ymin>
                        <xmax>55</xmax>
                        <ymax>66</ymax>
                    </bndbox>
                </object>
                <object>
                    <name>Fire-Smoke</name>
                    <pose>Unspecified</pose>
                    <truncated>0</truncated>
                    <difficult>0</difficult>
                    <bndbox>
                        <xmin>2</xmin>
                        <ymin>23</ymin>
                        <xmax>15</xmax>
                        <ymax>41</ymax>
                    </bndbox>
                </object>
                <object>
                    <name>Fire-Smoke</name>
                    <pose>Unspecified</pose>
                    <truncated>0</truncated>
                    <difficult>0</difficult>
                    <bndbox>
                        <xmin>125</xmin>
                        <ymin>49</ymin>
                        <xmax>161</xmax>
                        <ymax>72</ymax>
                    </bndbox>
                </object>
                <object>
                    <name>Fire-Smoke</name>
                    <pose>Unspecified</pose>
                    <truncated>0</truncated>
                    <difficult>0</difficult>
                    <bndbox>
                        <xmin>87</xmin>
                        <ymin>23</ymin>
                        <xmax>116</xmax>
                        <ymax>51</ymax>
                    </bndbox>
                </object>
                <object>
                    <name>Fire-Smoke</name>
                    <pose>Unspecified</pose>
                    <truncated>0</truncated>
                    <difficult>0</difficult>
                    <bndbox>
                        <xmin>50</xmin>
                        <ymin>1</ymin>
                        <xmax>90</xmax>
                        <ymax>19</ymax>
                    </bndbox>
                </object>
        </annotation>
        