
        <annotation>
            <folder>/content/drive/My Drive/Smoke_Masks2</folder>
            <filename>fire1049.jpg</filename>
            <path>/content/drive/My Drive/Smoke_Masks2/fire1049.jpg</path>
            <source>
                <database>Unknown</database>
            </source>
            <size>
                <width>196</width>
                <height>222</height>
                <depth>3</depth>
            </size>
            <segmented>0</segmented>
                <object>
                    <name>Fire-Smoke</name>
                    <pose>Unspecified</pose>
                    <truncated>0</truncated>
                    <difficult>0</difficult>
                    <bndbox>
                        <xmin>143</xmin>
                        <ymin>52</ymin>
                        <xmax>186</xmax>
                        <ymax>146</ymax>
                    </bndbox>
                </object>
                <object>
                    <name>Fire-Smoke</name>
                    <pose>Unspecified</pose>
                    <truncated>0</truncated>
                    <difficult>0</difficult>
                    <bndbox>
                        <xmin>163</xmin>
                        <ymin>4</ymin>
                        <xmax>194</xmax>
                        <ymax>43</ymax>
                    </bndbox>
                </object>
        </annotation>
        