
        <annotation>
            <folder>/content/drive/My Drive/Smoke_Masks2</folder>
            <filename>fire115.jpg</filename>
            <path>/content/drive/My Drive/Smoke_Masks2/fire115.jpg</path>
            <source>
                <database>Unknown</database>
            </source>
            <size>
                <width>216</width>
                <height>222</height>
                <depth>3</depth>
            </size>
            <segmented>0</segmented>
                <object>
                    <name>Fire-Smoke</name>
                    <pose>Unspecified</pose>
                    <truncated>0</truncated>
                    <difficult>0</difficult>
                    <bndbox>
                        <xmin>1</xmin>
                        <ymin>101</ymin>
                        <xmax>116</xmax>
                        <ymax>132</ymax>
                    </bndbox>
                </object>
        </annotation>
        