
        <annotation>
            <folder>/content/drive/My Drive/Smoke_Masks2</folder>
            <filename>fire124.jpg</filename>
            <path>/content/drive/My Drive/Smoke_Masks2/fire124.jpg</path>
            <source>
                <database>Unknown</database>
            </source>
            <size>
                <width>215</width>
                <height>222</height>
                <depth>3</depth>
            </size>
            <segmented>0</segmented>
                <object>
                    <name>Fire-Smoke</name>
                    <pose>Unspecified</pose>
                    <truncated>0</truncated>
                    <difficult>0</difficult>
                    <bndbox>
                        <xmin>4</xmin>
                        <ymin>58</ymin>
                        <xmax>44</xmax>
                        <ymax>79</ymax>
                    </bndbox>
                </object>
                <object>
                    <name>Fire-Smoke</name>
                    <pose>Unspecified</pose>
                    <truncated>0</truncated>
                    <difficult>0</difficult>
                    <bndbox>
                        <xmin>31</xmin>
                        <ymin>41</ymin>
                        <xmax>82</xmax>
                        <ymax>74</ymax>
                    </bndbox>
                </object>
                <object>
                    <name>Fire-Smoke</name>
                    <pose>Unspecified</pose>
                    <truncated>0</truncated>
                    <difficult>0</difficult>
                    <bndbox>
                        <xmin>7</xmin>
                        <ymin>77</ymin>
                        <xmax>107</xmax>
                        <ymax>99</ymax>
                    </bndbox>
                </object>
                <object>
                    <name>Fire-Smoke</name>
                    <pose>Unspecified</pose>
                    <truncated>0</truncated>
                    <difficult>0</difficult>
                    <bndbox>
                        <xmin>77</xmin>
                        <ymin>104</ymin>
                        <xmax>118</xmax>
                        <ymax>118</ymax>
                    </bndbox>
                </object>
        </annotation>
        