
        <annotation>
            <folder>/content/drive/My Drive/Smoke_Masks2</folder>
            <filename>fire1174.jpg</filename>
            <path>/content/drive/My Drive/Smoke_Masks2/fire1174.jpg</path>
            <source>
                <database>Unknown</database>
            </source>
            <size>
                <width>216</width>
                <height>222</height>
                <depth>3</depth>
            </size>
            <segmented>0</segmented>
                <object>
                    <name>Fire-Smoke</name>
                    <pose>Unspecified</pose>
                    <truncated>0</truncated>
                    <difficult>0</difficult>
                    <bndbox>
                        <xmin>50</xmin>
                        <ymin>147</ymin>
                        <xmax>85</xmax>
                        <ymax>181</ymax>
                    </bndbox>
                </object>
                <object>
                    <name>Fire-Smoke</name>
                    <pose>Unspecified</pose>
                    <truncated>0</truncated>
                    <difficult>0</difficult>
                    <bndbox>
                        <xmin>70</xmin>
                        <ymin>105</ymin>
                        <xmax>100</xmax>
                        <ymax>135</ymax>
                    </bndbox>
                </object>
                <object>
                    <name>Fire-Smoke</name>
                    <pose>Unspecified</pose>
                    <truncated>0</truncated>
                    <difficult>0</difficult>
                    <bndbox>
                        <xmin>59</xmin>
                        <ymin>91</ymin>
                        <xmax>98</xmax>
                        <ymax>107</ymax>
                    </bndbox>
                </object>
        </annotation>
        