
        <annotation>
            <folder>/content/drive/My Drive/Smoke_Masks2</folder>
            <filename>fire14.jpg</filename>
            <path>/content/drive/My Drive/Smoke_Masks2/fire14.jpg</path>
            <source>
                <database>Unknown</database>
            </source>
            <size>
                <width>213</width>
                <height>222</height>
                <depth>3</depth>
            </size>
            <segmented>0</segmented>
                <object>
                    <name>Fire-Smoke</name>
                    <pose>Unspecified</pose>
                    <truncated>0</truncated>
                    <difficult>0</difficult>
                    <bndbox>
                        <xmin>87</xmin>
                        <ymin>112</ymin>
                        <xmax>113</xmax>
                        <ymax>119</ymax>
                    </bndbox>
                </object>
                <object>
                    <name>Fire-Smoke</name>
                    <pose>Unspecified</pose>
                    <truncated>0</truncated>
                    <difficult>0</difficult>
                    <bndbox>
                        <xmin>25</xmin>
                        <ymin>70</ymin>
                        <xmax>101</xmax>
                        <ymax>90</ymax>
                    </bndbox>
                </object>
        </annotation>
        