
        <annotation>
            <folder>/content/drive/My Drive/Smoke_Masks2</folder>
            <filename>fire122.jpg</filename>
            <path>/content/drive/My Drive/Smoke_Masks2/fire122.jpg</path>
            <source>
                <database>Unknown</database>
            </source>
            <size>
                <width>216</width>
                <height>222</height>
                <depth>3</depth>
            </size>
            <segmented>0</segmented>
                <object>
                    <name>Fire-Smoke</name>
                    <pose>Unspecified</pose>
                    <truncated>0</truncated>
                    <difficult>0</difficult>
                    <bndbox>
                        <xmin>101</xmin>
                        <ymin>112</ymin>
                        <xmax>125</xmax>
                        <ymax>137</ymax>
                    </bndbox>
                </object>
                <object>
                    <name>Fire-Smoke</name>
                    <pose>Unspecified</pose>
                    <truncated>0</truncated>
                    <difficult>0</difficult>
                    <bndbox>
                        <xmin>22</xmin>
                        <ymin>123</ymin>
                        <xmax>101</xmax>
                        <ymax>166</ymax>
                    </bndbox>
                </object>
                <object>
                    <name>Fire-Smoke</name>
                    <pose>Unspecified</pose>
                    <truncated>0</truncated>
                    <difficult>0</difficult>
                    <bndbox>
                        <xmin>104</xmin>
                        <ymin>138</ymin>
                        <xmax>166</xmax>
                        <ymax>191</ymax>
                    </bndbox>
                </object>
        </annotation>
        