
        <annotation>
            <folder>/content/drive/My Drive/Smoke_Masks2</folder>
            <filename>fire1379.jpg</filename>
            <path>/content/drive/My Drive/Smoke_Masks2/fire1379.jpg</path>
            <source>
                <database>Unknown</database>
            </source>
            <size>
                <width>212</width>
                <height>222</height>
                <depth>3</depth>
            </size>
            <segmented>0</segmented>
                <object>
                    <name>Fire-Smoke</name>
                    <pose>Unspecified</pose>
                    <truncated>0</truncated>
                    <difficult>0</difficult>
                    <bndbox>
                        <xmin>66</xmin>
                        <ymin>111</ymin>
                        <xmax>81</xmax>
                        <ymax>130</ymax>
                    </bndbox>
                </object>
                <object>
                    <name>Fire-Smoke</name>
                    <pose>Unspecified</pose>
                    <truncated>0</truncated>
                    <difficult>0</difficult>
                    <bndbox>
                        <xmin>19</xmin>
                        <ymin>67</ymin>
                        <xmax>71</xmax>
                        <ymax>100</ymax>
                    </bndbox>
                </object>
        </annotation>
        