
        <annotation>
            <folder>/content/drive/My Drive/Smoke_Masks2</folder>
            <filename>fire1093.jpg</filename>
            <path>/content/drive/My Drive/Smoke_Masks2/fire1093.jpg</path>
            <source>
                <database>Unknown</database>
            </source>
            <size>
                <width>212</width>
                <height>222</height>
                <depth>3</depth>
            </size>
            <segmented>0</segmented>
                <object>
                    <name>Fire-Smoke</name>
                    <pose>Unspecified</pose>
                    <truncated>0</truncated>
                    <difficult>0</difficult>
                    <bndbox>
                        <xmin>121</xmin>
                        <ymin>141</ymin>
                        <xmax>152</xmax>
                        <ymax>152</ymax>
                    </bndbox>
                </object>
                <object>
                    <name>Fire-Smoke</name>
                    <pose>Unspecified</pose>
                    <truncated>0</truncated>
                    <difficult>0</difficult>
                    <bndbox>
                        <xmin>130</xmin>
                        <ymin>163</ymin>
                        <xmax>169</xmax>
                        <ymax>180</ymax>
                    </bndbox>
                </object>
                <object>
                    <name>Fire-Smoke</name>
                    <pose>Unspecified</pose>
                    <truncated>0</truncated>
                    <difficult>0</difficult>
                    <bndbox>
                        <xmin>8</xmin>
                        <ymin>148</ymin>
                        <xmax>27</xmax>
                        <ymax>168</ymax>
                    </bndbox>
                </object>
                <object>
                    <name>Fire-Smoke</name>
                    <pose>Unspecified</pose>
                    <truncated>0</truncated>
                    <difficult>0</difficult>
                    <bndbox>
                        <xmin>34</xmin>
                        <ymin>134</ymin>
                        <xmax>71</xmax>
                        <ymax>172</ymax>
                    </bndbox>
                </object>
                <object>
                    <name>Fire-Smoke</name>
                    <pose>Unspecified</pose>
                    <truncated>0</truncated>
                    <difficult>0</difficult>
                    <bndbox>
                        <xmin>3</xmin>
                        <ymin>89</ymin>
                        <xmax>102</xmax>
                        <ymax>129</ymax>
                    </bndbox>
                </object>
        </annotation>
        