
        <annotation>
            <folder>/content/drive/My Drive/Smoke_Masks2</folder>
            <filename>fire1382.jpg</filename>
            <path>/content/drive/My Drive/Smoke_Masks2/fire1382.jpg</path>
            <source>
                <database>Unknown</database>
            </source>
            <size>
                <width>213</width>
                <height>222</height>
                <depth>3</depth>
            </size>
            <segmented>0</segmented>
                <object>
                    <name>Fire-Smoke</name>
                    <pose>Unspecified</pose>
                    <truncated>0</truncated>
                    <difficult>0</difficult>
                    <bndbox>
                        <xmin>153</xmin>
                        <ymin>55</ymin>
                        <xmax>171</xmax>
                        <ymax>91</ymax>
                    </bndbox>
                </object>
                <object>
                    <name>Fire-Smoke</name>
                    <pose>Unspecified</pose>
                    <truncated>0</truncated>
                    <difficult>0</difficult>
                    <bndbox>
                        <xmin>168</xmin>
                        <ymin>67</ymin>
                        <xmax>205</xmax>
                        <ymax>86</ymax>
                    </bndbox>
                </object>
                <object>
                    <name>Fire-Smoke</name>
                    <pose>Unspecified</pose>
                    <truncated>0</truncated>
                    <difficult>0</difficult>
                    <bndbox>
                        <xmin>45</xmin>
                        <ymin>104</ymin>
                        <xmax>75</xmax>
                        <ymax>126</ymax>
                    </bndbox>
                </object>
                <object>
                    <name>Fire-Smoke</name>
                    <pose>Unspecified</pose>
                    <truncated>0</truncated>
                    <difficult>0</difficult>
                    <bndbox>
                        <xmin>4</xmin>
                        <ymin>44</ymin>
                        <xmax>46</xmax>
                        <ymax>86</ymax>
                    </bndbox>
                </object>
                <object>
                    <name>Fire-Smoke</name>
                    <pose>Unspecified</pose>
                    <truncated>0</truncated>
                    <difficult>0</difficult>
                    <bndbox>
                        <xmin>75</xmin>
                        <ymin>99</ymin>
                        <xmax>119</xmax>
                        <ymax>125</ymax>
                    </bndbox>
                </object>
        </annotation>
        