
        <annotation>
            <folder>/content/drive/My Drive/Smoke_Masks2</folder>
            <filename>fire1011.jpg</filename>
            <path>/content/drive/My Drive/Smoke_Masks2/fire1011.jpg</path>
            <source>
                <database>Unknown</database>
            </source>
            <size>
                <width>213</width>
                <height>222</height>
                <depth>3</depth>
            </size>
            <segmented>0</segmented>
                <object>
                    <name>Fire-Smoke</name>
                    <pose>Unspecified</pose>
                    <truncated>0</truncated>
                    <difficult>0</difficult>
                    <bndbox>
                        <xmin>80</xmin>
                        <ymin>95</ymin>
                        <xmax>111</xmax>
                        <ymax>114</ymax>
                    </bndbox>
                </object>
                <object>
                    <name>Fire-Smoke</name>
                    <pose>Unspecified</pose>
                    <truncated>0</truncated>
                    <difficult>0</difficult>
                    <bndbox>
                        <xmin>37</xmin>
                        <ymin>63</ymin>
                        <xmax>69</xmax>
                        <ymax>90</ymax>
                    </bndbox>
                </object>
                <object>
                    <name>Fire-Smoke</name>
                    <pose>Unspecified</pose>
                    <truncated>0</truncated>
                    <difficult>0</difficult>
                    <bndbox>
                        <xmin>2</xmin>
                        <ymin>32</ymin>
                        <xmax>36</xmax>
                        <ymax>65</ymax>
                    </bndbox>
                </object>
        </annotation>
        