
        <annotation>
            <folder>/content/drive/My Drive/Smoke_Masks2</folder>
            <filename>fire1046.jpg</filename>
            <path>/content/drive/My Drive/Smoke_Masks2/fire1046.jpg</path>
            <source>
                <database>Unknown</database>
            </source>
            <size>
                <width>182</width>
                <height>222</height>
                <depth>3</depth>
            </size>
            <segmented>0</segmented>
                <object>
                    <name>Fire-Smoke</name>
                    <pose>Unspecified</pose>
                    <truncated>0</truncated>
                    <difficult>0</difficult>
                    <bndbox>
                        <xmin>98</xmin>
                        <ymin>20</ymin>
                        <xmax>113</xmax>
                        <ymax>47</ymax>
                    </bndbox>
                </object>
                <object>
                    <name>Fire-Smoke</name>
                    <pose>Unspecified</pose>
                    <truncated>0</truncated>
                    <difficult>0</difficult>
                    <bndbox>
                        <xmin>31</xmin>
                        <ymin>77</ymin>
                        <xmax>51</xmax>
                        <ymax>122</ymax>
                    </bndbox>
                </object>
        </annotation>
        