
        <annotation>
            <folder>/content/drive/My Drive/Smoke_Masks2</folder>
            <filename>fire1047.jpg</filename>
            <path>/content/drive/My Drive/Smoke_Masks2/fire1047.jpg</path>
            <source>
                <database>Unknown</database>
            </source>
            <size>
                <width>207</width>
                <height>222</height>
                <depth>3</depth>
            </size>
            <segmented>0</segmented>
                <object>
                    <name>Fire-Smoke</name>
                    <pose>Unspecified</pose>
                    <truncated>0</truncated>
                    <difficult>0</difficult>
                    <bndbox>
                        <xmin>157</xmin>
                        <ymin>195</ymin>
                        <xmax>196</xmax>
                        <ymax>203</ymax>
                    </bndbox>
                </object>
                <object>
                    <name>Fire-Smoke</name>
                    <pose>Unspecified</pose>
                    <truncated>0</truncated>
                    <difficult>0</difficult>
                    <bndbox>
                        <xmin>6</xmin>
                        <ymin>177</ymin>
                        <xmax>52</xmax>
                        <ymax>202</ymax>
                    </bndbox>
                </object>
                <object>
                    <name>Fire-Smoke</name>
                    <pose>Unspecified</pose>
                    <truncated>0</truncated>
                    <difficult>0</difficult>
                    <bndbox>
                        <xmin>2</xmin>
                        <ymin>88</ymin>
                        <xmax>199</xmax>
                        <ymax>125</ymax>
                    </bndbox>
                </object>
        </annotation>
        