
        <annotation>
            <folder>/content/drive/My Drive/Smoke_Masks2</folder>
            <filename>fire1377.jpg</filename>
            <path>/content/drive/My Drive/Smoke_Masks2/fire1377.jpg</path>
            <source>
                <database>Unknown</database>
            </source>
            <size>
                <width>212</width>
                <height>222</height>
                <depth>3</depth>
            </size>
            <segmented>0</segmented>
                <object>
                    <name>Fire-Smoke</name>
                    <pose>Unspecified</pose>
                    <truncated>0</truncated>
                    <difficult>0</difficult>
                    <bndbox>
                        <xmin>57</xmin>
                        <ymin>108</ymin>
                        <xmax>72</xmax>
                        <ymax>123</ymax>
                    </bndbox>
                </object>
                <object>
                    <name>Fire-Smoke</name>
                    <pose>Unspecified</pose>
                    <truncated>0</truncated>
                    <difficult>0</difficult>
                    <bndbox>
                        <xmin>23</xmin>
                        <ymin>68</ymin>
                        <xmax>61</xmax>
                        <ymax>89</ymax>
                    </bndbox>
                </object>
        </annotation>
        