
        <annotation>
            <folder>/content/drive/My Drive/Smoke_Masks2</folder>
            <filename>fire1116.jpg</filename>
            <path>/content/drive/My Drive/Smoke_Masks2/fire1116.jpg</path>
            <source>
                <database>Unknown</database>
            </source>
            <size>
                <width>212</width>
                <height>222</height>
                <depth>3</depth>
            </size>
            <segmented>0</segmented>
                <object>
                    <name>Fire-Smoke</name>
                    <pose>Unspecified</pose>
                    <truncated>0</truncated>
                    <difficult>0</difficult>
                    <bndbox>
                        <xmin>170</xmin>
                        <ymin>183</ymin>
                        <xmax>207</xmax>
                        <ymax>197</ymax>
                    </bndbox>
                </object>
                <object>
                    <name>Fire-Smoke</name>
                    <pose>Unspecified</pose>
                    <truncated>0</truncated>
                    <difficult>0</difficult>
                    <bndbox>
                        <xmin>157</xmin>
                        <ymin>157</ymin>
                        <xmax>179</xmax>
                        <ymax>173</ymax>
                    </bndbox>
                </object>
                <object>
                    <name>Fire-Smoke</name>
                    <pose>Unspecified</pose>
                    <truncated>0</truncated>
                    <difficult>0</difficult>
                    <bndbox>
                        <xmin>79</xmin>
                        <ymin>151</ymin>
                        <xmax>104</xmax>
                        <ymax>187</ymax>
                    </bndbox>
                </object>
                <object>
                    <name>Fire-Smoke</name>
                    <pose>Unspecified</pose>
                    <truncated>0</truncated>
                    <difficult>0</difficult>
                    <bndbox>
                        <xmin>34</xmin>
                        <ymin>151</ymin>
                        <xmax>83</xmax>
                        <ymax>183</ymax>
                    </bndbox>
                </object>
                <object>
                    <name>Fire-Smoke</name>
                    <pose>Unspecified</pose>
                    <truncated>0</truncated>
                    <difficult>0</difficult>
                    <bndbox>
                        <xmin>3</xmin>
                        <ymin>101</ymin>
                        <xmax>138</xmax>
                        <ymax>149</ymax>
                    </bndbox>
                </object>
        </annotation>
        