
        <annotation>
            <folder>/content/drive/My Drive/Smoke_Masks2</folder>
            <filename>fire1337.jpg</filename>
            <path>/content/drive/My Drive/Smoke_Masks2/fire1337.jpg</path>
            <source>
                <database>Unknown</database>
            </source>
            <size>
                <width>192</width>
                <height>222</height>
                <depth>3</depth>
            </size>
            <segmented>0</segmented>
                <object>
                    <name>Fire-Smoke</name>
                    <pose>Unspecified</pose>
                    <truncated>0</truncated>
                    <difficult>0</difficult>
                    <bndbox>
                        <xmin>169</xmin>
                        <ymin>39</ymin>
                        <xmax>181</xmax>
                        <ymax>53</ymax>
                    </bndbox>
                </object>
                <object>
                    <name>Fire-Smoke</name>
                    <pose>Unspecified</pose>
                    <truncated>0</truncated>
                    <difficult>0</difficult>
                    <bndbox>
                        <xmin>75</xmin>
                        <ymin>127</ymin>
                        <xmax>87</xmax>
                        <ymax>136</ymax>
                    </bndbox>
                </object>
                <object>
                    <name>Fire-Smoke</name>
                    <pose>Unspecified</pose>
                    <truncated>0</truncated>
                    <difficult>0</difficult>
                    <bndbox>
                        <xmin>88</xmin>
                        <ymin>116</ymin>
                        <xmax>102</xmax>
                        <ymax>135</ymax>
                    </bndbox>
                </object>
        </annotation>
        