
        <annotation>
            <folder>/content/drive/My Drive/Smoke_Masks2</folder>
            <filename>fire1035.jpg</filename>
            <path>/content/drive/My Drive/Smoke_Masks2/fire1035.jpg</path>
            <source>
                <database>Unknown</database>
            </source>
            <size>
                <width>212</width>
                <height>222</height>
                <depth>3</depth>
            </size>
            <segmented>0</segmented>
                <object>
                    <name>Fire-Smoke</name>
                    <pose>Unspecified</pose>
                    <truncated>0</truncated>
                    <difficult>0</difficult>
                    <bndbox>
                        <xmin>157</xmin>
                        <ymin>172</ymin>
                        <xmax>196</xmax>
                        <ymax>199</ymax>
                    </bndbox>
                </object>
                <object>
                    <name>Fire-Smoke</name>
                    <pose>Unspecified</pose>
                    <truncated>0</truncated>
                    <difficult>0</difficult>
                    <bndbox>
                        <xmin>43</xmin>
                        <ymin>147</ymin>
                        <xmax>84</xmax>
                        <ymax>185</ymax>
                    </bndbox>
                </object>
                <object>
                    <name>Fire-Smoke</name>
                    <pose>Unspecified</pose>
                    <truncated>0</truncated>
                    <difficult>0</difficult>
                    <bndbox>
                        <xmin>0</xmin>
                        <ymin>102</ymin>
                        <xmax>125</xmax>
                        <ymax>146</ymax>
                    </bndbox>
                </object>
        </annotation>
        