
        <annotation>
            <folder>/content/drive/My Drive/Smoke_Masks2</folder>
            <filename>fire1406.jpg</filename>
            <path>/content/drive/My Drive/Smoke_Masks2/fire1406.jpg</path>
            <source>
                <database>Unknown</database>
            </source>
            <size>
                <width>212</width>
                <height>222</height>
                <depth>3</depth>
            </size>
            <segmented>0</segmented>
                <object>
                    <name>Fire-Smoke</name>
                    <pose>Unspecified</pose>
                    <truncated>0</truncated>
                    <difficult>0</difficult>
                    <bndbox>
                        <xmin>114</xmin>
                        <ymin>59</ymin>
                        <xmax>132</xmax>
                        <ymax>74</ymax>
                    </bndbox>
                </object>
                <object>
                    <name>Fire-Smoke</name>
                    <pose>Unspecified</pose>
                    <truncated>0</truncated>
                    <difficult>0</difficult>
                    <bndbox>
                        <xmin>69</xmin>
                        <ymin>21</ymin>
                        <xmax>119</xmax>
                        <ymax>47</ymax>
                    </bndbox>
                </object>
        </annotation>
        