
        <annotation>
            <folder>/content/drive/My Drive/Smoke_Masks2</folder>
            <filename>fire1073.jpg</filename>
            <path>/content/drive/My Drive/Smoke_Masks2/fire1073.jpg</path>
            <source>
                <database>Unknown</database>
            </source>
            <size>
                <width>212</width>
                <height>222</height>
                <depth>3</depth>
            </size>
            <segmented>0</segmented>
                <object>
                    <name>Fire-Smoke</name>
                    <pose>Unspecified</pose>
                    <truncated>0</truncated>
                    <difficult>0</difficult>
                    <bndbox>
                        <xmin>6</xmin>
                        <ymin>135</ymin>
                        <xmax>67</xmax>
                        <ymax>181</ymax>
                    </bndbox>
                </object>
                <object>
                    <name>Fire-Smoke</name>
                    <pose>Unspecified</pose>
                    <truncated>0</truncated>
                    <difficult>0</difficult>
                    <bndbox>
                        <xmin>64</xmin>
                        <ymin>153</ymin>
                        <xmax>125</xmax>
                        <ymax>182</ymax>
                    </bndbox>
                </object>
                <object>
                    <name>Fire-Smoke</name>
                    <pose>Unspecified</pose>
                    <truncated>0</truncated>
                    <difficult>0</difficult>
                    <bndbox>
                        <xmin>52</xmin>
                        <ymin>92</ymin>
                        <xmax>100</xmax>
                        <ymax>106</ymax>
                    </bndbox>
                </object>
                <object>
                    <name>Fire-Smoke</name>
                    <pose>Unspecified</pose>
                    <truncated>0</truncated>
                    <difficult>0</difficult>
                    <bndbox>
                        <xmin>0</xmin>
                        <ymin>15</ymin>
                        <xmax>38</xmax>
                        <ymax>50</ymax>
                    </bndbox>
                </object>
        </annotation>
        