
        <annotation>
            <folder>/content/drive/My Drive/Smoke_Masks2</folder>
            <filename>fire1388.jpg</filename>
            <path>/content/drive/My Drive/Smoke_Masks2/fire1388.jpg</path>
            <source>
                <database>Unknown</database>
            </source>
            <size>
                <width>213</width>
                <height>222</height>
                <depth>3</depth>
            </size>
            <segmented>0</segmented>
                <object>
                    <name>Fire-Smoke</name>
                    <pose>Unspecified</pose>
                    <truncated>0</truncated>
                    <difficult>0</difficult>
                    <bndbox>
                        <xmin>173</xmin>
                        <ymin>62</ymin>
                        <xmax>191</xmax>
                        <ymax>74</ymax>
                    </bndbox>
                </object>
                <object>
                    <name>Fire-Smoke</name>
                    <pose>Unspecified</pose>
                    <truncated>0</truncated>
                    <difficult>0</difficult>
                    <bndbox>
                        <xmin>140</xmin>
                        <ymin>45</ymin>
                        <xmax>171</xmax>
                        <ymax>92</ymax>
                    </bndbox>
                </object>
                <object>
                    <name>Fire-Smoke</name>
                    <pose>Unspecified</pose>
                    <truncated>0</truncated>
                    <difficult>0</difficult>
                    <bndbox>
                        <xmin>3</xmin>
                        <ymin>41</ymin>
                        <xmax>41</xmax>
                        <ymax>80</ymax>
                    </bndbox>
                </object>
                <object>
                    <name>Fire-Smoke</name>
                    <pose>Unspecified</pose>
                    <truncated>0</truncated>
                    <difficult>0</difficult>
                    <bndbox>
                        <xmin>43</xmin>
                        <ymin>97</ymin>
                        <xmax>74</xmax>
                        <ymax>121</ymax>
                    </bndbox>
                </object>
                <object>
                    <name>Fire-Smoke</name>
                    <pose>Unspecified</pose>
                    <truncated>0</truncated>
                    <difficult>0</difficult>
                    <bndbox>
                        <xmin>70</xmin>
                        <ymin>88</ymin>
                        <xmax>114</xmax>
                        <ymax>118</ymax>
                    </bndbox>
                </object>
        </annotation>
        