
        <annotation>
            <folder>/content/drive/My Drive/Smoke_Masks2</folder>
            <filename>fire106.jpg</filename>
            <path>/content/drive/My Drive/Smoke_Masks2/fire106.jpg</path>
            <source>
                <database>Unknown</database>
            </source>
            <size>
                <width>175</width>
                <height>222</height>
                <depth>3</depth>
            </size>
            <segmented>0</segmented>
                <object>
                    <name>Fire-Smoke</name>
                    <pose>Unspecified</pose>
                    <truncated>0</truncated>
                    <difficult>0</difficult>
                    <bndbox>
                        <xmin>117</xmin>
                        <ymin>132</ymin>
                        <xmax>139</xmax>
                        <ymax>147</ymax>
                    </bndbox>
                </object>
                <object>
                    <name>Fire-Smoke</name>
                    <pose>Unspecified</pose>
                    <truncated>0</truncated>
                    <difficult>0</difficult>
                    <bndbox>
                        <xmin>40</xmin>
                        <ymin>65</ymin>
                        <xmax>82</xmax>
                        <ymax>80</ymax>
                    </bndbox>
                </object>
        </annotation>
        